Region,TV_Budget,Radio_Budget,SocialMedia_Budget,Is_Holiday,Sales
EU,146.5,101.59,181.48,0,982.82
EU,161.86,70.93,91.73,1,746.99
EU,49.48,58.56,215.86,0,633.8
NA,182.77,93.17,78.49,0,1005.19
EU,84.25,64.99,193.34,0,719.77
NA,297.43,53.59,127.09,0,1292.86
NA,103.03,62.01,114.24,0,627.91
NA,138.73,15.15,109.3,1,606.19
EU,59.1,141.48,122.23,0,934.85
EU,148.14,45.62,81.62,0,580.24
EU,185.25,24.65,178.11,0,654.02
NA,55.24,12.86,18.65,0,280.92
EU,186.88,80.62,185.83,0,918.24
EU,23.18,33.38,199.17,0,465.36
EU,47.96,89.2,70.51,0,609.78
NA,246.37,54.49,78.51,0,1088.54
EU,66.82,111.95,54.46,1,749.72
EU,72.59,131.97,66.98,0,842.3
NA,276.29,44.62,145.13,0,1180.9
EU,78.41,46.63,165.78,0,567.19
EU,50.41,93.59,73.32,0,638.5
NA,216.99,91.73,105.7,0,1131.31
NA,271.75,57.43,23.59,0,1206.37
EU,193.94,117.11,94.18,0,990.1
NA,129.67,50.29,38.72,0,689.42
NA,73.36,77.4,123.18,0,573.92
EU,94.18,48.8,57.63,0,486.43
NA,50.45,55.26,30.71,0,437.05
NA,125.38,75.97,19.48,0,760.71
NA,200.35,33.92,101.45,0,855.15
NA,148.84,43.77,48.43,0,731.23
NA,92.68,73.71,99.92,0,622.28
EU,190.92,44.39,247.07,0,826.71
EU,175.4,81.53,57.95,0,749.39
EU,128.19,137.44,118.68,0,1032.64
EU,100.55,148.54,69.36,1,995.24
NA,166.93,75.63,63.54,1,917.75
EU,128.84,130.65,123.61,1,1021.43
NA,68.8,33.14,70.01,1,444.11
EU,114.87,101.03,234.16,0,951.56
EU,111.72,148.72,248.72,0,1211.04
EU,154.6,130.62,132.32,0,1027.21
EU,120.49,119.64,179.49,0,1010.7
NA,128.46,86.25,89.93,0,791.14
NA,215.74,64.65,100.79,0,1033.62
EU,98.17,64.29,102.94,0,607.1
NA,289.46,61.47,64.58,0,1259.12
NA,157.68,29.78,40.17,1,751.59
EU,107.23,46.42,222.05,0,670.35
NA,203.31,92.42,109.1,0,1076.42
NA,61.55,93.65,97.22,0,594.03
NA,247.45,92.86,41.03,0,1236.16
NA,209.34,94.76,116.53,0,1128.64
EU,61.11,114.01,107.46,1,832.13
NA,236.62,99.93,94.58,1,1263.47
NA,139.89,78.94,112.11,1,815.46
EU,138.22,99.27,204.81,0,991.7
NA,55.91,25.15,38.12,0,337.24
NA,257.76,71.84,106.84,0,1203.98
NA,94.34,19.33,31.77,0,458.31
EU,183.62,109.35,142.69,0,1014.17
EU,77.38,68.67,221.17,0,741.93
NA,81.25,28.64,21.71,0,414.8
EU,134.58,69.1,142.97,0,753.22
EU,142.09,26.76,198.97,0,608.24
NA,286.55,43.42,123.96,0,1207.23
NA,141.43,99.16,72.33,0,918.62
NA,204.53,68.69,90.3,0,1021.53
EU,87.38,97.53,75.02,0,715.4
NA,83.13,67.51,74.33,0,591.4
NA,87.4,63.87,30.79,0,600.74
EU,25.62,101.9,104.92,0,685.37
EU,127.87,101.33,177.34,0,927.5
EU,63.94,50.35,198.88,0,595.33
EU,22.85,83.79,65.59,0,549.67
EU,32.46,29.27,242.02,0,504.72
NA,154.07,92.78,19.78,0,934.85
EU,29.42,82.73,161.05,0,653.95
EU,150.56,41.38,173.48,0,659.0
EU,66.01,104.1,144.87,0,807.49
NA,226.65,78.15,111.66,0,1140.82
NA,298.0,72.53,88.46,0,1346.93
NA,185.61,62.5,54.09,1,946.53
NA,214.9,23.08,54.03,0,862.83
NA,86.76,15.75,63.02,0,404.77
NA,145.82,26.6,35.78,0,659.22
NA,139.56,70.72,19.95,0,766.07
EU,122.22,75.76,148.69,0,759.25
NA,86.15,56.34,124.85,0,537.79
NA,107.63,91.34,73.22,1,766.24
NA,246.93,28.85,50.91,0,1038.3
NA,66.93,55.82,99.75,0,489.03
NA,75.25,81.06,55.37,0,599.78
NA,209.64,77.28,133.81,0,1067.27
EU,61.07,65.45,102.18,1,580.53
NA,201.1,82.91,47.41,0,1065.42
NA,268.91,14.56,123.35,0,1037.92
NA,213.95,91.64,133.09,1,1132.03
EU,45.93,71.74,157.51,1,653.24
NA,290.17,68.35,12.01,0,1305.82
EU,132.44,23.7,248.21,1,650.87
NA,234.82,86.32,148.03,1,1201.16
EU,89.38,71.95,153.07,0,691.78
EU,74.27,75.12,154.53,0,692.77
EU,66.3,67.58,142.64,0,649.4
EU,181.95,100.56,208.84,0,1029.6
NA,188.57,57.32,52.85,0,904.07
NA,289.62,34.61,130.3,0,1165.18
NA,138.77,84.58,139.08,0,851.15
NA,295.89,98.19,46.22,0,1450.59
NA,210.48,77.49,29.59,0,1053.58
EU,189.93,72.42,158.46,1,876.15
NA,215.67,94.86,18.57,0,1134.28
EU,130.04,106.87,101.82,0,856.55
EU,150.42,60.76,97.13,0,666.22
NA,119.47,59.2,106.8,0,683.5
NA,276.63,81.15,17.6,0,1284.39
EU,127.47,30.46,63.9,0,456.17
EU,34.95,73.6,235.4,0,733.15
NA,58.47,43.23,21.57,0,403.45
NA,291.34,32.64,55.83,0,1210.47
EU,78.34,101.18,194.35,0,839.56
EU,115.43,64.34,242.44,0,810.13
NA,275.07,62.85,47.71,0,1251.98
NA,120.4,71.11,146.59,0,713.52
EU,198.67,22.91,125.73,0,586.02
EU,86.21,62.91,239.58,0,723.12
EU,151.13,84.38,59.98,0,727.76
NA,79.03,86.44,115.76,0,609.04
NA,172.87,21.58,57.3,0,757.74
EU,119.78,148.84,218.6,1,1210.2
NA,239.38,81.78,128.56,0,1141.68
EU,184.61,83.61,218.55,1,984.24
EU,46.73,27.58,222.75,1,528.93
NA,60.77,12.25,141.38,0,306.04
EU,72.39,116.71,120.35,1,838.34
NA,256.68,75.57,137.45,0,1208.08
EU,112.77,113.52,234.66,1,1049.22
EU,129.36,72.87,59.22,0,646.76
EU,120.9,137.06,140.39,1,1064.22
EU,134.6,108.26,121.19,0,904.08
EU,189.77,126.68,63.77,0,995.2
EU,25.03,138.66,71.21,0,802.74
NA,276.29,78.79,63.53,1,1310.35
NA,97.23,41.25,20.87,1,585.91
NA,246.36,66.9,68.39,0,1164.64
EU,171.9,140.15,121.09,0,1113.71
EU,51.06,38.32,171.27,1,530.22
EU,190.0,94.46,204.63,0,1009.96
NA,211.06,95.81,25.66,0,1158.33
EU,82.6,109.97,120.93,0,828.45
NA,133.78,83.14,98.87,0,783.67
NA,282.57,42.89,105.36,0,1181.62
NA,168.25,96.78,102.77,1,1036.05
EU,49.19,116.76,238.08,0,959.96
NA,214.89,77.5,105.79,0,1066.94
NA,167.49,64.21,54.75,0,854.43
EU,119.03,96.8,209.08,0,914.08
EU,145.83,106.22,246.6,0,1061.39
EU,123.16,44.43,119.86,0,581.19
NA,104.5,66.95,104.1,0,649.43
EU,199.74,95.47,226.7,0,1066.88
EU,95.56,71.69,54.02,0,574.48
NA,171.84,24.68,86.84,0,741.01
EU,20.62,55.52,200.55,1,600.33
NA,106.97,78.59,133.59,0,700.64
EU,175.92,29.54,243.2,0,736.72
EU,134.77,70.27,222.87,1,855.26
NA,130.33,67.1,38.58,0,739.52
EU,78.76,125.08,123.83,0,887.61
NA,155.74,92.58,92.42,1,945.82
EU,21.87,48.14,93.48,0,395.69
EU,173.41,21.07,169.33,0,592.89
EU,79.69,23.94,203.27,0,499.94
NA,196.99,73.52,133.98,0,983.76
EU,74.83,125.77,170.03,0,941.06
EU,166.07,121.32,206.63,1,1128.38
EU,80.49,76.19,134.23,0,666.91
NA,128.8,41.41,31.08,0,625.7
NA,62.13,80.2,53.12,0,530.07
EU,37.96,55.47,220.97,1,624.36
EU,64.24,141.39,136.71,1,1003.88
EU,132.06,48.71,138.29,1,643.06
NA,90.56,24.47,36.22,1,485.15
NA,118.87,58.69,95.33,0,697.04
EU,82.56,88.6,70.15,1,675.03
EU,36.88,65.09,109.25,0,526.52
EU,25.27,28.53,241.88,0,496.68
NA,256.7,41.59,74.96,1,1090.75
EU,130.54,56.36,128.97,0,663.13
NA,123.23,89.36,60.78,0,788.29
EU,32.77,62.85,82.2,0,498.61
NA,244.26,20.25,18.86,0,975.3
NA,142.63,37.55,90.73,1,686.98
NA,56.23,56.85,135.46,0,432.96
NA,122.61,12.78,102.24,0,529.4
NA,232.81,55.83,139.42,0,1029.33
EU,184.39,60.83,126.87,1,764.19
NA,236.26,89.0,88.56,0,1186.89
EU,91.82,43.93,148.26,0,555.07
NA,106.58,20.37,142.83,0,485.79
NA,192.68,80.76,17.07,0,1015.59
NA,278.98,30.79,100.43,1,1201.5
NA,51.54,42.99,18.51,1,432.06
NA,134.7,63.23,11.62,0,730.34
EU,135.53,75.66,147.32,0,777.52
NA,54.11,94.48,66.6,0,585.59
EU,136.02,112.38,145.19,1,958.14
EU,78.7,109.51,87.79,0,780.3
EU,139.72,24.85,98.43,1,511.64
EU,137.81,36.28,182.61,0,621.89
NA,97.39,26.63,147.72,0,447.8
NA,120.0,87.45,111.78,1,789.48
EU,184.64,76.97,186.16,0,911.09
NA,100.13,56.28,59.69,1,647.26
EU,164.03,60.52,58.64,1,657.13
EU,153.87,58.84,59.99,0,613.18
EU,119.77,117.35,155.87,0,963.39
EU,123.51,58.46,224.32,0,767.17
NA,183.11,99.57,55.17,0,1006.69
NA,254.91,78.9,139.41,0,1228.24
EU,146.22,60.94,115.36,1,698.55
NA,234.98,17.64,124.82,0,901.12
NA,107.72,98.32,121.93,0,782.04
NA,143.46,80.29,144.37,1,876.54
NA,290.6,62.12,57.79,0,1293.66
NA,291.74,47.24,110.73,0,1239.93
NA,181.45,74.45,66.24,0,948.83
NA,71.34,94.62,139.25,0,627.14
EU,147.05,29.1,192.84,1,625.86
NA,129.12,17.37,50.01,0,569.1
NA,104.13,61.94,107.87,0,645.81
EU,177.4,120.74,152.84,0,1051.97
EU,135.22,55.6,74.01,0,590.66
NA,63.68,17.72,76.35,0,356.34
NA,283.46,85.63,60.06,0,1350.13
EU,103.79,69.62,177.89,0,741.73
EU,83.68,29.58,91.58,1,443.41
EU,41.36,42.03,247.38,0,584.66
NA,121.61,40.82,119.5,0,630.68
EU,53.34,28.56,76.77,0,318.06
NA,69.59,45.95,11.79,0,427.85
EU,190.35,92.96,112.08,0,891.7
NA,154.07,30.07,106.5,0,691.45
EU,78.93,90.71,195.04,1,832.78
NA,266.19,66.22,34.0,0,1196.04
EU,195.58,129.72,148.45,0,1125.58
EU,166.26,23.08,157.39,0,573.5
EU,55.15,98.26,101.31,0,695.39
EU,183.06,48.29,174.02,0,751.47
NA,153.06,37.17,42.29,0,743.17
EU,142.91,144.26,97.55,0,1055.32
EU,143.21,114.86,124.7,0,947.42
EU,24.39,143.37,222.5,0,1030.02
EU,151.14,91.54,248.49,1,1006.46
EU,192.5,96.71,220.05,0,1028.13
NA,154.48,56.38,13.7,0,773.01
EU,180.76,57.99,194.49,0,808.66
NA,248.32,64.94,78.51,0,1136.34
NA,77.53,86.8,130.56,0,621.81
EU,102.03,110.23,160.42,0,899.84
EU,95.01,116.98,137.69,0,895.55
NA,273.24,89.81,92.21,0,1317.6
EU,92.11,21.75,51.54,0,336.05
EU,107.68,81.14,225.93,0,846.15
EU,52.3,128.67,221.0,0,983.39
NA,232.05,97.41,46.01,0,1204.73
EU,79.42,126.04,226.93,0,1029.34
NA,201.32,78.96,123.26,1,1074.38
NA,122.65,63.6,81.0,0,722.51
NA,224.65,76.33,123.44,0,1111.83
NA,235.62,79.87,131.19,0,1161.25
NA,230.06,91.92,49.33,0,1189.92
NA,245.34,37.16,12.35,0,1033.37
NA,273.84,77.3,61.38,0,1275.72
NA,201.68,97.86,103.07,0,1104.54
NA,94.73,88.41,122.49,0,692.7
NA,101.39,17.0,143.75,0,442.33
EU,160.03,82.98,129.36,0,844.96
NA,73.42,23.37,26.37,0,370.33
NA,104.88,24.35,88.2,0,504.38
NA,80.12,95.71,23.75,0,622.82
EU,104.13,59.54,164.67,0,681.09
EU,28.51,105.47,234.37,0,851.65
NA,207.09,63.86,93.33,0,994.2
NA,69.91,49.59,115.42,0,442.66
NA,224.37,59.79,63.17,0,1047.78
EU,195.68,54.5,157.38,0,778.03
NA,123.82,35.88,81.92,0,599.56
NA,103.95,97.3,147.59,0,730.73
NA,56.41,28.09,36.66,1,373.35
EU,25.31,85.78,176.1,0,683.09
NA,125.0,94.21,108.16,1,859.61
NA,234.33,53.78,67.23,0,1069.99
EU,199.34,130.32,209.03,1,1200.54
EU,104.26,37.94,182.21,1,595.82
NA,202.23,95.81,140.66,1,1120.82
EU,168.44,135.83,157.95,0,1116.88
NA,207.08,81.69,62.19,0,1073.2
NA,124.58,81.81,11.28,0,759.38
NA,285.54,77.23,97.77,1,1324.48
NA,57.55,51.13,67.84,0,412.17
NA,290.81,51.28,72.63,0,1236.48
NA,176.45,93.48,105.84,1,1003.65
EU,103.35,31.98,180.26,0,565.02
NA,88.54,59.31,98.25,1,598.17
NA,205.38,89.37,17.67,0,1064.16
EU,130.13,30.87,225.78,0,649.26
EU,59.53,28.45,98.85,1,400.63
EU,129.8,70.69,72.94,0,648.61
EU,109.6,72.24,103.63,0,672.31
NA,181.44,82.35,132.79,1,985.24
NA,100.77,67.6,142.33,0,645.56
NA,81.91,30.5,21.04,0,473.62
EU,196.22,103.65,79.11,0,913.88
EU,162.45,116.48,161.01,0,1034.03
NA,101.61,95.47,145.79,0,726.72
NA,240.28,24.07,74.05,0,991.88
NA,158.81,33.93,92.03,0,726.01
EU,50.38,47.88,188.59,0,547.48
NA,166.45,35.09,94.56,0,761.11
EU,120.73,88.18,193.61,0,852.66
EU,141.53,61.61,245.76,1,848.28
EU,132.86,91.43,179.67,0,881.0
NA,189.57,41.69,78.79,1,881.83
EU,122.68,76.06,238.79,1,887.61
EU,107.29,145.27,115.64,0,1024.73
EU,75.83,72.75,111.93,0,632.0
NA,64.68,97.89,59.78,0,629.43
EU,85.25,86.54,199.47,0,808.39
EU,39.68,88.62,196.6,0,748.69
EU,104.72,54.89,112.67,0,585.64
EU,55.31,22.06,246.3,0,515.58
EU,161.74,41.48,174.81,0,664.72
NA,260.47,85.42,149.38,0,1252.2
NA,286.77,15.32,11.27,0,1122.77
EU,96.08,80.22,146.14,0,740.65
EU,94.0,103.69,57.21,1,745.74
NA,72.41,22.66,107.89,1,424.36
NA,144.98,87.23,49.45,0,888.52
EU,171.26,38.39,82.17,1,591.56
EU,91.55,21.88,127.49,1,445.82
NA,81.72,81.54,118.04,0,626.68
EU,97.75,79.65,102.29,0,682.72
NA,224.73,62.55,142.94,0,1084.94
EU,33.72,48.78,70.59,0,397.7
NA,159.94,58.34,48.31,1,862.11
NA,250.66,91.47,132.26,0,1260.28
EU,149.85,54.3,208.83,0,767.71
EU,142.22,140.84,175.51,0,1127.86
NA,162.84,53.8,75.86,0,810.75
NA,113.49,95.95,125.57,0,788.59
NA,159.54,71.36,35.05,1,897.85
NA,222.33,45.03,74.81,1,1005.64
NA,168.08,96.69,25.26,0,979.55
EU,124.05,144.88,157.18,0,1101.1
EU,82.89,64.9,90.13,0,581.71
EU,26.23,70.91,216.27,1,679.79
NA,130.38,92.91,31.29,0,802.05
NA,190.84,58.61,28.06,0,917.72
NA,79.46,74.23,22.47,0,601.0
NA,130.03,49.11,143.76,0,699.2
NA,238.18,29.38,133.15,0,978.87
NA,215.09,61.71,119.72,0,1031.9
EU,117.18,142.46,180.46,0,1108.97
EU,153.36,120.1,159.9,0,1028.74
EU,61.96,77.64,92.81,0,595.75
EU,177.55,117.84,107.26,0,985.49
NA,188.25,65.05,115.49,0,957.67
NA,53.21,62.8,86.44,0,442.73
EU,102.51,66.73,144.64,0,661.56
EU,130.16,33.92,149.37,1,579.4
EU,53.74,66.69,139.85,0,601.61
NA,98.29,22.82,128.29,1,488.55
EU,147.54,58.81,128.53,1,725.13
NA,120.44,55.49,47.98,1,680.14
NA,103.54,21.82,42.52,0,479.9
EU,183.17,35.46,192.71,1,714.12
NA,148.57,49.69,100.17,0,754.16
EU,88.05,132.62,105.77,0,921.54
NA,191.76,74.47,11.76,0,979.73
NA,117.67,80.69,23.19,1,782.68
EU,197.61,36.81,163.6,1,721.45
EU,128.96,142.76,130.62,1,1099.37
NA,298.41,75.14,134.37,0,1381.2
EU,38.72,79.59,220.79,0,731.54
EU,175.86,22.43,88.94,1,517.77
NA,174.67,85.6,121.18,0,941.9
EU,50.24,86.25,87.36,0,617.98
NA,253.05,71.97,22.31,0,1180.33
NA,267.39,31.77,130.4,0,1064.15
EU,191.1,140.76,50.3,0,1061.49
EU,80.32,133.47,99.63,0,902.64
EU,72.53,141.0,202.52,1,1073.68
EU,198.02,29.47,194.22,0,701.56
EU,89.39,44.06,149.19,0,550.43
NA,259.52,95.26,89.31,0,1299.93
NA,174.99,31.15,107.84,0,767.17
NA,73.8,29.94,19.39,0,409.9
NA,278.61,84.05,73.35,0,1337.78
EU,186.56,137.34,240.09,0,1266.82
NA,98.85,95.02,99.15,0,742.95
NA,177.97,99.87,96.97,1,1036.46
NA,98.64,29.2,99.4,0,510.22
EU,97.14,75.29,162.65,0,724.53
EU,49.73,109.02,213.93,0,885.0
NA,76.86,33.27,61.79,0,459.29
NA,136.28,77.82,128.07,0,805.62
NA,95.75,38.19,131.17,1,546.62
NA,283.02,91.91,29.98,0,1366.51
EU,72.49,127.41,222.2,0,1019.49
EU,108.68,123.91,107.52,1,953.13
EU,177.39,88.21,182.03,0,945.33
NA,143.04,19.19,59.21,0,630.36
EU,41.35,68.14,181.7,0,651.59
NA,68.71,41.92,75.54,0,448.98
NA,220.59,28.41,100.59,0,927.47
EU,180.35,146.43,221.62,0,1273.46
NA,158.83,35.47,148.57,1,765.64
NA,282.39,13.63,111.64,0,1101.31
NA,149.68,45.99,141.37,0,750.44
NA,270.16,49.78,135.36,0,1157.41
NA,256.47,98.9,84.75,0,1287.71
EU,100.7,106.73,104.37,0,833.34
EU,126.03,64.24,245.0,0,824.49
EU,174.34,23.67,166.77,0,608.4
EU,58.87,34.96,149.42,0,472.36
NA,141.3,70.8,39.09,0,786.94
EU,28.49,79.82,169.22,0,667.79
EU,166.5,105.85,98.86,0,894.64
EU,143.83,54.81,112.54,0,636.71
NA,132.75,78.98,16.28,0,786.76
NA,181.37,71.23,110.37,0,943.9
NA,141.92,45.24,65.65,0,692.56
NA,222.2,40.69,52.51,1,990.28
NA,191.89,79.92,128.65,1,1019.52
NA,215.8,35.97,79.45,0,928.99
EU,98.64,92.22,106.0,1,758.44
NA,232.52,70.47,23.31,0,1093.37
EU,172.57,122.76,134.43,0,1047.22
NA,95.92,96.18,13.48,0,720.95
EU,98.55,124.01,196.31,0,1001.34
NA,133.92,72.57,142.53,0,771.69
NA,152.89,46.5,68.36,0,741.99
NA,179.85,90.47,126.87,0,988.55
EU,162.06,106.16,123.34,0,933.6
EU,70.71,128.6,125.79,0,898.63
NA,150.96,39.53,92.44,0,694.45
EU,70.34,69.83,150.84,1,690.37
NA,178.79,58.95,65.09,0,890.33
EU,140.73,90.15,115.46,0,801.76
EU,42.58,101.12,153.48,0,768.39
NA,152.82,97.04,99.8,0,941.77
NA,205.23,30.77,24.92,0,863.0
EU,146.63,114.2,158.79,0,989.07
NA,108.71,87.7,114.41,0,731.65
EU,71.86,105.74,241.06,0,933.29
EU,138.56,88.38,151.11,0,852.17
NA,182.19,90.19,82.75,1,1011.51
NA,199.71,44.29,15.82,0,920.16
NA,168.51,69.32,144.61,0,891.92
NA,105.64,31.2,70.76,0,524.0
EU,116.14,138.21,231.34,1,1171.14
NA,254.16,38.99,48.55,0,1107.48
EU,169.67,137.28,162.33,0,1158.14
EU,72.01,78.95,183.17,0,727.85
EU,170.64,99.64,219.98,0,998.06
EU,83.73,48.27,230.87,0,651.22
NA,243.55,67.0,36.57,0,1135.17
EU,123.32,124.9,100.62,0,936.75
NA,109.69,50.93,147.37,1,645.68
NA,205.52,16.63,27.99,0,855.76
NA,141.32,99.16,33.79,0,861.76
EU,44.5,120.9,203.34,0,908.89
EU,111.15,140.47,244.35,0,1177.93
NA,138.31,54.67,49.82,0,710.62
EU,108.26,37.0,207.28,0,618.75
EU,65.01,141.59,246.85,0,1113.9
NA,179.48,14.57,140.33,0,721.89
NA,260.56,73.62,106.39,0,1224.49
NA,203.88,55.64,57.5,0,960.37
NA,293.96,74.74,28.75,0,1350.63
EU,178.92,145.77,195.15,0,1243.03
NA,268.28,79.83,35.35,1,1283.9
NA,256.25,22.75,13.22,0,1038.71
NA,199.57,74.7,133.67,0,1011.16
NA,148.84,46.6,112.15,1,736.91
EU,155.66,43.77,90.75,1,610.62
EU,36.8,25.89,245.19,1,512.45
EU,189.04,52.34,160.18,1,794.02
NA,285.53,98.25,62.67,0,1390.13
EU,154.33,42.73,173.01,0,649.21
NA,192.49,50.88,22.39,0,900.19
NA,194.29,63.75,103.06,0,954.94
NA,187.84,98.27,148.47,0,1059.07
NA,186.52,79.73,125.03,0,998.74
EU,124.04,142.19,196.73,1,1149.3
EU,23.99,87.77,82.66,1,609.48
EU,166.68,87.79,247.75,0,1009.05
NA,82.09,71.51,106.59,1,611.85
EU,80.14,31.84,76.5,0,415.93
EU,105.52,35.34,159.01,0,543.35
EU,68.0,91.22,89.7,1,692.81
NA,179.3,14.33,64.85,0,764.68
NA,188.69,81.67,70.02,0,988.15
EU,34.98,28.37,224.22,0,488.36
EU,107.48,57.83,236.15,1,776.55
NA,90.95,50.28,121.84,1,582.91
EU,105.13,127.92,207.98,1,1065.13
NA,132.72,47.67,17.74,0,662.31
EU,47.6,66.3,207.19,0,687.87
NA,116.8,21.59,110.43,1,574.65
EU,146.31,58.31,192.62,0,751.49
EU,100.0,25.17,231.9,0,587.94
NA,166.34,10.66,81.07,0,667.62
EU,52.62,125.42,71.68,0,801.68
EU,197.59,132.03,126.17,0,1118.2
NA,213.02,11.91,74.4,0,850.83
NA,157.83,34.53,138.35,0,715.1
NA,178.73,31.67,123.03,0,767.15
NA,69.27,48.7,66.59,0,462.22
EU,89.59,92.85,178.36,0,824.18
NA,218.91,86.96,59.45,0,1120.23
EU,149.03,142.9,137.82,1,1129.86
NA,299.86,64.49,28.71,0,1317.68
NA,270.44,50.67,125.71,0,1161.2
NA,253.56,57.84,85.28,0,1145.68
NA,194.27,48.46,21.39,0,912.74
EU,117.93,145.0,93.32,0,1018.35
NA,242.56,32.55,105.66,0,1007.56
EU,69.41,93.7,81.04,1,695.3
EU,97.97,88.99,59.23,0,663.91
EU,42.11,119.75,200.05,0,892.3
EU,73.52,54.96,135.08,0,576.21
NA,78.41,93.17,74.67,0,657.43
EU,149.89,52.84,184.31,0,722.26
NA,275.11,75.21,102.15,0,1247.76
NA,129.84,63.57,49.91,0,726.16
EU,154.09,83.64,167.12,0,875.86
NA,137.49,30.86,64.17,0,636.01
NA,109.07,29.77,50.08,0,546.03
NA,196.47,55.23,107.85,0,933.82
EU,98.1,60.23,154.24,0,649.53
NA,270.3,83.11,17.76,1,1330.84
EU,28.39,34.15,104.74,0,357.94
EU,134.43,125.36,154.45,0,1023.65
EU,73.82,107.05,217.25,0,917.02
EU,137.38,22.79,230.3,0,631.51
NA,249.37,25.07,17.7,0,1006.08
EU,76.75,78.06,176.51,0,739.63
EU,61.12,130.21,61.34,1,847.06
EU,185.5,97.05,125.06,0,928.08
EU,20.11,111.04,155.3,1,790.29
NA,149.9,79.99,33.84,0,859.36
NA,263.33,42.9,120.01,0,1131.85
NA,256.91,97.33,144.31,1,1302.88
NA,64.8,40.96,143.38,0,434.81
EU,36.07,139.76,89.68,1,857.5
EU,168.56,91.5,168.09,1,936.57
EU,41.95,118.79,122.14,0,813.45
NA,138.68,80.58,82.05,1,844.2
EU,192.29,88.68,185.87,0,967.23
NA,195.71,83.56,15.07,0,1020.86
EU,186.75,64.81,176.66,0,830.51
EU,156.82,21.61,237.51,1,661.09
EU,198.62,136.95,180.59,0,1206.89
NA,244.21,82.96,117.91,1,1225.33
NA,131.27,59.52,93.15,1,750.52
NA,120.88,99.22,40.12,0,809.65
EU,49.35,132.02,54.23,0,801.89
EU,58.17,48.36,63.02,0,426.33
NA,52.56,76.47,40.85,0,508.88
NA,225.21,18.25,116.33,0,910.38
NA,84.54,66.15,138.03,0,588.69
EU,75.07,24.82,188.73,0,502.17
NA,214.41,67.15,110.29,0,1040.36
NA,98.74,83.64,40.27,0,676.92
EU,169.97,135.64,166.49,0,1146.69
NA,91.96,43.73,84.82,0,516.11
NA,51.08,91.93,141.88,0,524.97
NA,171.23,17.99,78.06,1,722.98
NA,164.75,91.2,140.23,0,948.13
NA,101.88,37.46,70.44,1,555.28
EU,143.76,142.68,75.59,0,1012.87
NA,115.39,79.28,88.88,0,738.75
NA,259.97,69.25,19.26,0,1214.25
EU,110.8,80.63,121.26,0,727.35
NA,241.51,83.04,116.73,0,1197.62
NA,132.77,16.73,103.92,0,567.69
NA,174.26,76.86,100.39,0,925.94
EU,29.86,143.7,230.99,1,1057.59
EU,190.85,67.41,217.7,0,890.38
EU,148.62,101.47,70.95,0,837.95
EU,198.72,55.26,198.35,1,852.63
NA,200.35,87.62,51.55,0,1055.11
EU,115.17,77.2,175.61,0,772.02
EU,172.9,63.51,168.24,1,808.28
NA,152.51,41.84,32.73,0,725.76
EU,124.09,101.44,205.11,0,954.78
NA,69.09,20.67,25.33,0,371.58
NA,162.1,54.62,96.28,0,805.88
EU,181.52,64.24,85.53,1,725.1
EU,192.6,47.9,122.77,0,693.4
EU,104.56,68.6,209.18,1,789.27
EU,72.56,100.51,228.73,0,897.74
EU,72.03,79.17,77.2,0,614.36
EU,89.23,71.0,131.52,1,693.74
NA,215.39,59.12,36.94,0,1037.17
EU,93.33,149.0,127.16,0,1047.13
NA,282.87,61.06,129.72,0,1257.01
NA,171.48,18.31,97.72,1,725.49
EU,155.54,125.2,75.75,0,961.91
EU,149.3,138.15,238.63,0,1189.56
NA,86.42,74.61,26.49,0,611.35
NA,187.37,64.8,63.08,0,929.38
NA,131.64,42.02,126.71,0,667.55
NA,279.96,54.44,52.65,1,1241.3
NA,209.76,24.61,34.5,1,881.32
NA,161.93,41.73,44.32,0,760.85
NA,219.71,70.71,36.68,0,1057.8
EU,79.96,84.88,86.68,0,646.39
EU,61.25,109.52,115.83,0,788.4
NA,269.02,11.73,32.27,0,1037.94
EU,99.88,29.18,145.59,0,490.2
NA,201.08,63.01,94.2,0,972.29
EU,154.92,65.11,183.18,1,816.86
NA,138.26,15.68,29.27,0,564.93
EU,136.16,61.9,180.43,0,723.47
EU,149.43,99.28,72.54,0,824.43
EU,162.09,24.65,246.55,0,690.96
NA,114.71,37.06,124.78,0,588.35
NA,284.17,64.87,46.02,0,1259.66
EU,78.53,36.88,173.08,0,521.02
NA,191.61,76.66,59.92,0,960.34
NA,53.82,57.05,92.2,0,421.98
EU,177.0,31.44,100.58,0,567.66
EU,82.45,80.55,217.23,1,808.96
EU,180.77,36.61,223.13,1,756.49
NA,128.56,94.05,93.1,0,822.91
EU,53.86,94.32,213.64,0,829.01
NA,122.2,75.19,24.71,0,756.97
NA,124.43,73.75,30.48,0,748.86
EU,111.63,147.74,190.52,0,1136.0
EU,112.32,104.41,102.76,1,840.2
NA,271.22,38.31,126.13,1,1163.71
NA,103.05,60.15,54.15,0,610.86
EU,173.74,71.29,231.28,1,928.56
EU,154.34,27.85,244.54,0,694.64
NA,152.34,46.04,133.92,0,757.12
EU,60.53,54.81,224.44,0,658.65
NA,289.62,62.87,124.36,0,1303.52
NA,90.2,85.01,43.05,0,653.68
NA,173.28,58.73,74.67,0,854.36
EU,59.93,76.61,72.89,0,569.74
EU,35.15,43.52,217.84,0,563.37
EU,21.54,20.2,242.43,1,465.87
NA,224.0,62.05,140.17,0,1057.35
NA,149.86,67.78,10.46,0,810.37
NA,260.6,77.97,87.89,1,1262.22
NA,296.71,90.46,146.93,0,1362.19
NA,271.28,35.17,50.11,0,1120.97
NA,165.47,79.89,108.52,0,904.55
NA,260.37,31.28,58.42,0,1077.37
EU,193.57,146.54,56.89,0,1087.41
NA,174.15,94.62,144.2,0,997.69
EU,178.32,25.52,159.61,0,626.21
NA,289.21,81.89,43.06,0,1344.92
EU,191.97,139.58,150.95,0,1171.93
NA,157.73,92.09,127.93,0,926.12
EU,34.56,122.76,207.29,0,912.68
EU,77.3,127.94,69.82,1,848.43
EU,142.66,143.88,97.33,0,1031.26
EU,94.15,102.73,69.07,0,761.48
EU,113.64,120.71,56.91,0,834.65
EU,146.42,149.37,247.69,0,1269.39
EU,58.44,85.75,131.61,1,692.79
EU,31.19,78.0,163.91,1,680.64
EU,26.71,89.81,59.82,1,592.96
EU,55.86,140.68,87.95,0,898.57
EU,167.64,140.01,174.03,0,1165.9
NA,221.0,24.23,27.22,0,900.02
EU,96.44,25.3,207.6,0,531.31
EU,109.49,53.93,166.92,1,661.6
EU,77.15,63.89,132.83,1,634.48
EU,56.21,52.16,52.69,0,421.24
EU,132.32,58.32,240.92,0,807.7
EU,104.44,65.24,85.6,1,623.75
EU,60.26,95.15,161.57,1,796.51
EU,86.52,35.04,176.85,0,527.84
NA,269.86,44.4,105.12,1,1178.94
NA,187.12,87.3,135.22,0,1021.25
NA,62.61,99.34,53.78,0,614.65
EU,89.81,42.28,195.85,1,621.65
NA,199.28,37.2,118.67,0,864.17
NA,201.7,91.59,60.35,0,1084.95
EU,156.19,122.92,185.27,0,1095.53
EU,26.28,27.59,74.62,0,293.74
EU,171.75,54.32,210.9,1,830.02
NA,248.51,56.36,72.58,0,1093.52
NA,277.71,52.97,71.31,0,1211.54
NA,229.35,73.96,91.91,0,1128.41
NA,239.56,90.2,73.49,0,1228.93
EU,82.64,109.0,135.53,1,855.29
EU,47.02,76.92,134.76,0,630.53
NA,70.57,63.26,130.73,0,491.31
EU,179.42,128.67,64.59,0,984.36
EU,153.43,133.71,84.24,0,999.09
EU,24.46,132.35,107.17,1,844.44
NA,173.66,84.62,78.42,0,951.9
NA,262.64,79.67,66.53,1,1272.69
NA,226.92,35.61,144.15,1,984.82
EU,52.69,69.6,93.35,0,566.19
NA,272.37,64.75,121.02,0,1228.12
EU,188.26,44.04,142.11,0,703.82
NA,110.16,57.97,16.39,0,639.03
NA,217.15,82.51,79.3,0,1116.75
EU,111.21,20.7,87.05,0,407.48
EU,49.93,140.65,182.76,0,1016.18
EU,42.12,67.01,179.99,0,647.23
EU,78.82,84.71,204.79,0,800.35
NA,171.03,20.87,45.85,1,749.65
NA,183.34,45.04,136.86,1,887.68
NA,229.46,33.7,28.87,1,1000.48
EU,74.98,132.91,90.55,1,915.66
NA,195.01,26.99,88.66,1,861.86
NA,147.96,86.17,28.55,0,869.62
EU,47.89,42.78,150.41,0,490.49
NA,212.54,93.04,14.12,0,1131.7
EU,83.21,96.41,218.62,0,872.59
NA,220.48,81.64,110.0,1,1129.09
NA,284.08,45.48,103.15,0,1220.1
EU,54.02,127.75,107.34,0,844.3
EU,138.57,31.82,87.43,1,519.11
NA,217.96,12.55,70.64,0,848.58
EU,70.19,111.61,168.6,1,874.75
NA,239.28,50.54,26.19,0,1047.31
EU,82.85,100.25,122.59,0,784.9
NA,294.03,89.26,83.31,0,1396.62
NA,124.09,17.61,51.02,0,538.1
EU,37.07,68.99,82.48,0,513.28
NA,158.19,20.04,30.71,0,655.21
NA,290.87,30.07,114.2,0,1155.75
EU,199.77,103.26,61.5,0,895.44
EU,169.33,67.65,139.96,0,769.7
NA,243.6,44.5,68.66,0,1050.81
NA,209.98,33.99,23.51,0,919.2
EU,107.35,129.01,138.49,1,998.83
EU,107.2,102.68,240.39,0,975.98
NA,68.47,10.83,39.58,0,331.56
EU,96.77,83.77,109.63,0,709.24
NA,74.38,33.38,110.62,0,418.25
NA,178.94,44.43,117.55,0,830.61
EU,44.82,135.68,110.25,0,876.76
NA,298.48,17.78,136.3,0,1157.62
EU,157.78,38.77,69.37,0,551.94
NA,166.82,90.46,108.31,0,960.59
NA,252.86,17.33,21.25,0,994.76
NA,134.54,18.39,133.09,0,593.86
EU,47.91,72.88,127.21,0,602.53
NA,115.67,11.41,87.7,0,504.51
NA,101.96,99.98,84.06,0,740.03
NA,173.71,85.92,92.13,0,952.54
EU,94.28,114.52,108.53,0,841.96
NA,70.98,50.84,31.5,0,500.98
EU,40.79,74.56,140.86,0,629.78
EU,101.75,117.44,136.01,0,921.83
EU,89.4,61.5,133.85,0,624.99
NA,112.16,48.57,45.15,0,615.16
EU,110.34,85.08,151.45,0,786.44
NA,150.71,46.59,132.68,1,793.75
EU,76.58,53.53,58.17,0,464.01
EU,43.09,108.76,248.4,0,925.97
NA,225.02,67.99,16.18,0,1051.88
EU,165.3,148.82,71.88,1,1087.06
EU,116.45,94.12,74.5,0,751.65
NA,286.7,24.99,123.1,0,1116.23
NA,82.15,18.0,139.34,0,397.66
EU,177.4,42.73,172.76,0,712.6
NA,192.37,10.13,118.44,0,746.16
EU,39.89,89.46,194.72,0,759.15
NA,91.73,66.53,91.38,0,602.42
NA,129.7,93.48,104.89,1,861.51
NA,229.7,54.49,114.33,0,1011.4
EU,178.73,56.44,102.2,0,694.52
EU,120.19,141.61,206.32,1,1145.88
NA,236.11,52.09,103.02,0,1064.26
NA,97.06,63.35,61.64,0,609.29
NA,214.28,51.72,13.08,0,957.09
NA,277.09,51.39,22.33,0,1199.12
EU,38.79,129.7,93.4,0,825.83
EU,180.26,123.5,69.73,1,1008.1
NA,227.88,15.01,40.63,0,901.02
EU,70.15,59.43,144.48,0,612.78
NA,232.87,97.26,127.28,0,1195.03
EU,31.56,96.55,67.83,0,614.72
EU,185.89,121.94,148.58,0,1088.55
NA,215.8,93.39,42.09,1,1150.55
EU,174.78,56.22,221.18,0,820.06
NA,198.72,98.03,14.0,0,1075.14
EU,29.14,133.81,142.05,0,861.11
NA,272.01,35.95,119.21,0,1168.42
EU,196.38,107.75,177.75,0,1063.51
NA,273.85,56.6,53.78,0,1198.57
NA,279.78,69.72,50.3,0,1257.41
EU,93.03,116.47,99.74,0,878.03
EU,43.01,84.19,64.45,1,590.59
NA,83.69,78.15,117.31,0,615.15
EU,48.17,102.05,213.74,1,861.66
EU,93.19,103.01,60.63,0,757.64
EU,33.32,37.89,173.07,1,476.92
NA,272.1,35.58,59.8,0,1154.86
NA,52.3,80.63,139.07,1,545.11
NA,128.42,75.94,42.71,1,779.85
EU,50.79,94.67,237.26,1,860.13
EU,101.72,27.19,123.44,1,477.75
EU,171.6,89.71,88.54,1,852.06
EU,58.21,146.39,195.38,1,1082.5
EU,35.98,132.08,177.93,1,945.53
EU,56.19,54.81,138.09,0,544.81
NA,208.97,99.89,62.98,1,1143.64
NA,73.38,65.47,115.88,0,545.08
EU,116.96,69.27,109.93,0,662.07
EU,35.8,71.3,145.43,0,607.43
NA,70.91,31.21,102.06,0,385.13
NA,108.01,71.33,145.07,0,659.05
NA,256.77,86.51,81.13,0,1257.19
NA,276.18,47.76,106.13,0,1179.25
NA,284.44,76.99,20.29,0,1308.01
EU,36.51,118.68,239.64,0,943.71
NA,247.63,36.1,31.59,0,1033.73
EU,138.29,89.94,131.82,0,825.35
EU,130.16,115.94,66.3,0,871.25
NA,213.2,48.68,125.41,0,952.48
NA,139.06,73.84,21.84,0,772.9
EU,59.62,21.94,162.99,1,433.83
EU,144.0,121.84,249.98,0,1122.42
EU,98.77,127.67,176.07,0,1014.96
NA,127.49,95.6,138.75,0,822.98
EU,68.33,128.97,139.93,0,922.31
NA,269.92,81.41,78.55,0,1261.23
EU,80.45,108.58,158.5,1,862.31
NA,279.6,50.44,141.89,0,1213.92
EU,118.2,97.88,138.18,0,838.03
EU,93.31,40.07,134.32,1,537.5
EU,127.31,50.05,166.64,0,652.01
EU,97.11,89.31,214.05,0,865.5
EU,57.1,123.38,56.24,0,762.51
EU,36.46,130.21,108.11,1,857.89
NA,245.78,13.62,54.84,0,954.69
EU,184.99,87.25,129.2,1,897.07
EU,88.94,35.36,150.87,0,512.11
EU,169.65,58.55,149.5,1,738.17
NA,78.05,44.75,41.88,1,513.31
NA,90.07,57.84,61.77,0,570.24
NA,173.98,11.45,136.08,0,686.38
NA,126.23,30.59,133.42,0,612.94
EU,76.17,51.92,110.86,0,513.53
EU,81.58,118.42,205.65,0,971.73
EU,187.59,21.12,103.66,0,530.24
EU,112.81,144.8,164.24,0,1077.25
NA,68.65,73.25,133.25,0,532.99
NA,58.18,64.8,58.04,0,469.25
EU,34.62,69.65,208.66,0,666.53
NA,191.01,33.3,32.86,0,837.75
EU,71.37,147.08,75.93,0,929.42
EU,199.38,55.3,123.35,0,731.08
EU,69.81,140.44,208.5,1,1082.59
EU,62.22,97.01,206.02,1,864.48
NA,264.33,10.46,102.96,0,1014.3
NA,190.7,87.28,57.88,0,1004.21
NA,177.53,32.21,102.97,0,765.09
NA,168.4,87.59,137.74,0,957.52
EU,196.71,36.6,112.26,1,660.91
EU,128.06,111.79,89.81,0,852.04
EU,84.83,69.39,162.52,1,704.24
EU,30.39,41.71,199.99,0,510.27
NA,199.83,15.99,17.71,0,818.84
NA,242.88,36.87,41.09,1,1054.37
EU,27.93,100.01,133.02,0,696.16
NA,145.17,21.45,141.65,1,677.24
EU,159.01,128.36,108.69,0,1013.22
NA,83.39,75.1,24.5,0,610.46
NA,155.05,49.79,135.01,0,781.76
EU,146.79,111.09,92.0,0,896.55
EU,79.21,86.14,160.04,0,763.82
EU,142.93,67.31,231.97,0,847.77
NA,53.21,46.69,18.27,1,409.02
NA,75.42,30.53,133.3,0,448.47
EU,136.04,59.81,117.49,0,666.13
EU,55.86,30.09,170.61,1,487.28
NA,154.14,95.93,127.74,1,963.85
NA,179.02,14.99,107.05,0,707.4
EU,129.03,142.12,57.34,0,992.19
NA,158.55,29.09,74.25,0,697.01
NA,264.27,31.47,29.07,1,1101.8
NA,258.79,64.61,41.49,0,1172.56
EU,53.23,110.81,249.36,1,973.9
EU,38.38,90.05,99.66,0,630.4
EU,131.77,39.14,177.6,0,616.14
EU,95.38,37.85,189.92,0,594.18
NA,94.42,60.38,128.83,0,618.59
NA,56.0,43.52,45.72,0,403.4
EU,128.33,32.04,139.95,0,532.34
NA,94.48,58.31,51.92,0,573.24
EU,123.76,148.79,94.5,1,1069.47
EU,107.43,129.03,156.72,0,1010.62
EU,78.41,97.53,137.13,1,770.63
EU,133.26,50.11,142.37,0,643.11
NA,150.42,15.5,93.76,0,594.26
EU,88.41,28.83,169.05,0,496.71
NA,217.75,81.11,64.63,0,1106.12
EU,150.17,66.67,179.31,0,795.0
EU,184.45,49.82,55.54,0,619.62
EU,187.66,113.38,202.7,0,1096.29
EU,47.96,30.43,211.96,1,528.54
EU,29.57,40.39,130.89,0,438.74
NA,155.25,77.92,80.33,0,833.82
EU,29.13,146.26,77.91,0,862.24
NA,180.52,11.91,108.66,0,691.44
EU,127.9,48.49,156.08,0,637.76
NA,235.48,84.23,109.44,0,1187.4
NA,243.62,55.63,42.72,0,1077.24
EU,66.06,117.37,240.32,0,981.0
EU,172.07,135.81,56.37,0,1013.08
EU,80.65,29.13,181.12,0,504.17
NA,94.38,18.77,53.04,0,441.26
NA,73.22,65.6,17.84,1,575.94
EU,83.54,27.98,110.34,0,422.55
EU,69.99,51.03,50.91,0,440.88
EU,118.36,42.69,185.76,0,645.16
EU,140.52,137.59,166.91,0,1096.46
NA,107.92,35.58,80.48,1,559.61
NA,154.29,15.51,57.01,0,644.0
EU,107.41,54.43,198.18,1,706.58
EU,66.76,74.79,199.01,0,725.41
NA,212.08,27.32,72.83,0,864.16
NA,182.31,53.4,73.53,0,895.04
EU,21.87,102.03,133.48,0,704.62
NA,268.66,88.47,94.63,1,1335.39
EU,31.91,53.93,107.13,0,466.73
EU,131.16,149.59,191.91,0,1184.95
NA,238.75,41.79,147.21,0,1056.27
EU,99.21,60.75,127.8,1,635.41
EU,53.02,73.55,152.95,0,639.93
EU,168.92,59.66,159.24,1,788.37
NA,90.37,17.18,61.94,0,412.92
NA,193.75,96.49,111.2,0,1073.28
EU,99.85,78.23,158.92,0,728.37
NA,79.43,56.96,61.05,1,532.09
EU,143.27,46.18,113.66,1,625.51
NA,238.99,67.55,142.61,0,1097.37
NA,77.11,60.51,51.65,1,548.68
NA,173.23,68.48,126.34,0,917.49
NA,272.61,43.7,116.15,1,1194.25
NA,245.63,61.92,130.4,0,1123.93
NA,171.89,23.43,64.79,0,709.49
NA,142.39,64.4,101.32,0,757.96
NA,127.7,82.46,88.42,0,775.75
EU,156.19,44.27,248.55,0,780.36
EU,83.32,74.6,56.4,0,578.29
NA,53.25,22.25,22.33,1,316.68
EU,91.94,94.1,136.44,0,792.16
NA,100.36,45.14,30.47,0,562.51
NA,57.62,93.58,141.23,0,570.09
EU,64.83,41.38,133.39,0,487.78
EU,64.58,73.57,74.43,0,570.31
NA,197.85,60.7,109.68,0,958.18
EU,126.16,85.07,224.7,1,925.29
NA,272.96,11.29,100.06,0,1023.8
NA,108.32,93.43,124.76,0,741.86
EU,26.2,92.62,203.89,1,770.45
EU,169.12,62.6,192.7,0,819.0
EU,94.25,125.0,169.49,1,1005.72
NA,236.91,63.11,87.31,0,1119.46
EU,155.62,143.25,137.09,0,1118.97
EU,55.2,46.24,227.09,1,632.73
EU,152.9,138.21,77.38,1,1014.1
NA,235.28,72.51,106.04,0,1123.9
NA,156.89,87.76,56.11,1,914.14
NA,294.91,63.0,83.27,0,1318.22
EU,57.9,124.4,192.3,0,954.63
EU,115.88,27.02,209.23,0,579.34
NA,102.35,75.73,47.67,0,682.43
NA,200.53,37.67,14.3,0,878.82
EU,81.78,59.88,150.2,0,610.27
EU,153.25,46.94,176.15,0,693.45
NA,235.03,99.22,56.1,0,1220.91
EU,99.71,119.3,168.05,0,953.21
NA,189.61,77.9,85.63,0,1007.14
NA,142.2,47.51,42.62,0,700.42
EU,92.01,54.22,164.53,0,619.85
EU,73.61,86.87,248.95,0,866.42
NA,279.32,44.42,21.67,0,1202.23
EU,122.65,103.04,179.83,0,931.05
EU,82.22,149.12,77.03,0,956.77
NA,135.95,26.02,86.22,0,634.38
EU,199.01,43.4,114.75,0,681.6
EU,120.63,81.7,76.09,0,679.45
EU,73.88,84.04,167.42,0,741.01
EU,114.2,38.25,168.73,1,628.91
